,Imputation_Method_average,Imputed_average,Data_Constellation,Downstream Performance Rank Average,Imputation_Method_best,Imputed_best,Downstream Performance Rank Best,Performance Difference Best to Average,Performance Difference Best to Average in Percentage
0,Random Forest,0.7898098052587711,MAR - 0.01 - 310,2.0,KNN,0.7898098052587711,1.0,0.0,0.0
1,Random Forest,0.7898098052587711,MAR - 0.1 - 310,2.0,KNN,0.7898098052587711,1.0,0.0,0.0
2,Random Forest,0.7898098052587711,MAR - 0.3 - 310,2.0,KNN,0.7898098052587711,1.0,0.0,0.0
3,Random Forest,0.7898098052587711,MAR - 0.5 - 310,2.0,KNN,0.7898098052587711,1.0,0.0,0.0
4,Random Forest,0.7741430662830027,MCAR - 0.01 - 310,3.0,Mean/Mode,0.7741430662830027,1.0,0.0,0.0
5,Random Forest,0.7734406160735102,MCAR - 0.1 - 310,1.0,Random Forest,0.7734406160735102,1.0,0.0,0.0
6,Random Forest,0.7754201266007397,MCAR - 0.3 - 310,3.0,Mean/Mode,0.7786387363541465,1.0,0.0032186097534068203,0.4133636824283178
7,Random Forest,0.7620304112037815,MCAR - 0.5 - 310,2.0,KNN,0.7873956061573368,1.0,0.02536519495355538,3.2214041779256415
8,Random Forest,0.7898098052587711,MNAR - 0.01 - 310,2.0,KNN,0.7898098052587711,1.0,0.0,0.0
9,Random Forest,0.7898098052587711,MNAR - 0.1 - 310,2.0,KNN,0.7898098052587711,1.0,0.0,0.0
10,Random Forest,0.7898098052587711,MNAR - 0.3 - 310,2.0,KNN,0.7898098052587711,1.0,0.0,0.0
11,Random Forest,0.7898098052587711,MNAR - 0.5 - 310,2.0,KNN,0.7898098052587711,1.0,0.0,0.0
12,Random Forest,0.930702416023045,MAR - 0.01 - 725,2.0,KNN,0.930702416023045,1.0,0.0,0.0
13,Random Forest,0.930702416023045,MAR - 0.1 - 725,2.0,KNN,0.930702416023045,1.0,0.0,0.0
14,Random Forest,0.930702416023045,MAR - 0.3 - 725,2.0,KNN,0.930702416023045,1.0,0.0,0.0
15,Random Forest,0.930702416023045,MAR - 0.5 - 725,2.0,KNN,0.930702416023045,1.0,0.0,0.0
16,Random Forest,0.929231537879561,MCAR - 0.01 - 725,4.0,Mean/Mode,0.9309247532974472,1.0,0.0016932154178861403,0.18188531477851116
17,Random Forest,0.9259674971951296,MCAR - 0.1 - 725,3.0,KNN,0.9283710457557678,1.0,0.00240354856063818,0.2588995608627045
18,Random Forest,0.9164497242869027,MCAR - 0.3 - 725,2.0,Mean/Mode,0.9181491326719642,1.0,0.0016994083850614405,0.1850906704138449
19,Random Forest,0.9136605179346152,MCAR - 0.5 - 725,1.0,Random Forest,0.9136605179346152,1.0,0.0,0.0
20,Random Forest,0.930702416023045,MNAR - 0.01 - 725,2.0,KNN,0.930702416023045,1.0,0.0,0.0
21,Random Forest,0.930702416023045,MNAR - 0.1 - 725,2.0,KNN,0.930702416023045,1.0,0.0,0.0
22,Random Forest,0.930702416023045,MNAR - 0.3 - 725,2.0,KNN,0.930702416023045,1.0,0.0,0.0
23,Random Forest,0.930702416023045,MNAR - 0.5 - 725,2.0,KNN,0.930702416023045,1.0,0.0,0.0
24,Random Forest,0.9891594931294444,MAR - 0.01 - 728,3.0,Mean/Mode,0.9891594931294444,1.0,0.0,0.0
25,Random Forest,0.9891594931294444,MAR - 0.1 - 728,3.0,Mean/Mode,0.9891594931294444,1.0,0.0,0.0
26,Random Forest,0.9891594931294444,MAR - 0.3 - 728,3.0,Mean/Mode,0.9891594931294444,1.0,0.0,0.0
27,Random Forest,0.9891594931294444,MAR - 0.5 - 728,3.0,Mean/Mode,0.9891594931294444,1.0,0.0,0.0
28,Random Forest,0.9891594931294444,MCAR - 0.01 - 728,3.0,Mean/Mode,0.9891594931294444,1.0,0.0,0.0
29,Random Forest,0.983772246740109,MCAR - 0.1 - 728,1.0,Random Forest,0.983772246740109,1.0,0.0,0.0
30,Random Forest,0.967691536386744,MCAR - 0.3 - 728,2.0,VAE,0.9676995379293428,1.0,8.001542598834455e-06,0.0008268622940500662
31,Random Forest,0.9577638047951188,MCAR - 0.5 - 728,1.0,Random Forest,0.9577638047951188,1.0,0.0,0.0
32,Random Forest,0.9891594931294444,MNAR - 0.01 - 728,3.0,Mean/Mode,0.9891594931294444,1.0,0.0,0.0
33,Random Forest,0.9891594931294444,MNAR - 0.1 - 728,3.0,Mean/Mode,0.9891594931294444,1.0,0.0,0.0
34,Random Forest,0.9891594931294444,MNAR - 0.3 - 728,3.0,Mean/Mode,0.9891594931294444,1.0,0.0,0.0
35,Random Forest,0.9891594931294444,MNAR - 0.5 - 728,3.0,Mean/Mode,0.9891594931294444,1.0,0.0,0.0
36,Random Forest,0.8278136100568401,MAR - 0.01 - 737,3.0,Mean/Mode,0.8278136100568401,1.0,0.0,0.0
37,Random Forest,0.8278136100568401,MAR - 0.1 - 737,3.0,Mean/Mode,0.8278136100568401,1.0,0.0,0.0
38,Random Forest,0.8278136100568401,MAR - 0.3 - 737,3.0,Mean/Mode,0.8278136100568401,1.0,0.0,0.0
39,Random Forest,0.8278136100568401,MAR - 0.5 - 737,3.0,Mean/Mode,0.8278136100568401,1.0,0.0,0.0
40,Random Forest,0.8208219410871483,MCAR - 0.01 - 737,3.0,Mean/Mode,0.8224926859324637,1.0,0.001670744845315375,0.20313187872561372
41,Random Forest,0.8214481064705274,MCAR - 0.1 - 737,1.0,Random Forest,0.8214481064705274,1.0,0.0,0.0
42,Random Forest,0.7668126503610351,MCAR - 0.3 - 737,4.0,VAE,0.7850952432441094,1.0,0.018282592883074322,2.328710183942577
43,Random Forest,0.7593690834378238,MCAR - 0.5 - 737,1.0,Random Forest,0.7593690834378238,1.0,0.0,0.0
44,Random Forest,0.8278136100568401,MNAR - 0.01 - 737,3.0,Mean/Mode,0.8278136100568401,1.0,0.0,0.0
45,Random Forest,0.8278136100568401,MNAR - 0.1 - 737,3.0,Mean/Mode,0.8278136100568401,1.0,0.0,0.0
46,Random Forest,0.8278136100568401,MNAR - 0.3 - 737,3.0,Mean/Mode,0.8278136100568401,1.0,0.0,0.0
47,Random Forest,0.8278136100568401,MNAR - 0.5 - 737,3.0,Mean/Mode,0.8278136100568401,1.0,0.0,0.0
48,Random Forest,0.9423495236386082,MAR - 0.01 - 803,2.0,Mean/Mode,0.9423495236386082,1.0,0.0,0.0
49,Random Forest,0.9423495236386082,MAR - 0.1 - 803,2.0,Mean/Mode,0.9423495236386082,1.0,0.0,0.0
50,Random Forest,0.9423495236386082,MAR - 0.3 - 803,2.0,Mean/Mode,0.9423495236386082,1.0,0.0,0.0
51,Random Forest,0.9423495236386082,MAR - 0.5 - 803,2.0,Mean/Mode,0.9423495236386082,1.0,0.0,0.0
52,Random Forest,0.9428235934894224,MCAR - 0.01 - 803,3.0,Mean/Mode,0.9428235934894224,1.0,0.0,0.0
53,Random Forest,0.9402501945789477,MCAR - 0.1 - 803,2.0,VAE,0.940952080293143,1.0,0.0007018857141953827,0.07459314123379356
54,Random Forest,0.9364792571487618,MCAR - 0.3 - 803,1.0,Random Forest,0.9364792571487618,1.0,0.0,0.0
55,Random Forest,0.9334625451566864,MCAR - 0.5 - 803,1.0,Random Forest,0.9334625451566864,1.0,0.0,0.0
56,Random Forest,0.9423495236386082,MNAR - 0.01 - 803,2.0,Mean/Mode,0.9423495236386082,1.0,0.0,0.0
57,Random Forest,0.9423495236386082,MNAR - 0.1 - 803,2.0,Mean/Mode,0.9423495236386082,1.0,0.0,0.0
58,Random Forest,0.9423495236386082,MNAR - 0.3 - 803,2.0,Mean/Mode,0.9423495236386082,1.0,0.0,0.0
59,Random Forest,0.9423495236386082,MNAR - 0.5 - 803,2.0,Mean/Mode,0.9423495236386082,1.0,0.0,0.0
60,Random Forest,0.9661408746313483,MAR - 0.01 - 823,3.0,Mean/Mode,0.9661408746313483,1.0,0.0,0.0
61,Random Forest,0.9661408746313483,MAR - 0.1 - 823,3.0,Mean/Mode,0.9661408746313483,1.0,0.0,0.0
62,Random Forest,0.9661408746313483,MAR - 0.3 - 823,3.0,Mean/Mode,0.9661408746313483,1.0,0.0,0.0
63,Random Forest,0.9661408746313483,MAR - 0.5 - 823,3.0,Mean/Mode,0.9661408746313483,1.0,0.0,0.0
64,Random Forest,0.964664351851852,MCAR - 0.01 - 823,1.0,Random Forest,0.964664351851852,1.0,0.0,0.0
65,Random Forest,0.9601612590751604,MCAR - 0.1 - 823,1.0,Random Forest,0.9601612590751604,1.0,0.0,0.0
66,Random Forest,0.9489508492466792,MCAR - 0.3 - 823,1.0,Random Forest,0.9489508492466792,1.0,0.0,0.0
67,Random Forest,0.9391331418730876,MCAR - 0.5 - 823,3.0,Mean/Mode,0.9392687620273392,1.0,0.00013562015425161444,0.014438908194805585
68,Random Forest,0.9661408746313483,MNAR - 0.01 - 823,3.0,Mean/Mode,0.9661408746313483,1.0,0.0,0.0
69,Random Forest,0.9661408746313483,MNAR - 0.1 - 823,3.0,Mean/Mode,0.9661408746313483,1.0,0.0,0.0
70,Random Forest,0.9661408746313483,MNAR - 0.3 - 823,3.0,Mean/Mode,0.9661408746313483,1.0,0.0,0.0
71,Random Forest,0.9661408746313483,MNAR - 0.5 - 823,3.0,Mean/Mode,0.9661408746313483,1.0,0.0,0.0
72,Random Forest,0.8406385013113177,MAR - 0.01 - 847,3.0,Mean/Mode,0.8406385013113177,1.0,0.0,0.0
73,Random Forest,0.8406385013113177,MAR - 0.1 - 847,3.0,Mean/Mode,0.8406385013113177,1.0,0.0,0.0
74,Random Forest,0.8406385013113177,MAR - 0.3 - 847,3.0,Mean/Mode,0.8406385013113177,1.0,0.0,0.0
75,Random Forest,0.8406385013113177,MAR - 0.5 - 847,3.0,Mean/Mode,0.8406385013113177,1.0,0.0,0.0
76,Random Forest,0.8398632850555302,MCAR - 0.01 - 847,4.0,Mean/Mode,0.8401216904741261,1.0,0.0002584054185958973,0.030758093919711217
77,Random Forest,0.8473010269668378,MCAR - 0.1 - 847,4.0,VAE,0.8498561750010363,1.0,0.002555148034198429,0.30065652393421904
78,Random Forest,0.8408624384884457,MCAR - 0.3 - 847,3.0,Mean/Mode,0.8411299698947406,1.0,0.0002675314062949852,0.031806191179760746
79,Random Forest,0.8409128824581237,MCAR - 0.5 - 847,1.0,Random Forest,0.8409128824581237,1.0,0.0,0.0
80,Random Forest,0.8406385013113177,MNAR - 0.01 - 847,3.0,Mean/Mode,0.8406385013113177,1.0,0.0,0.0
81,Random Forest,0.8406385013113177,MNAR - 0.1 - 847,3.0,Mean/Mode,0.8406385013113177,1.0,0.0,0.0
82,Random Forest,0.8406385013113177,MNAR - 0.3 - 847,3.0,Mean/Mode,0.8406385013113177,1.0,0.0,0.0
83,Random Forest,0.8406385013113177,MNAR - 0.5 - 847,3.0,Mean/Mode,0.8406385013113177,1.0,0.0,0.0
84,Random Forest,0.513630363206711,MAR - 0.01 - 871,2.0,KNN,0.513630363206711,1.0,0.0,0.0
85,Random Forest,0.513630363206711,MAR - 0.1 - 871,2.0,KNN,0.513630363206711,1.0,0.0,0.0
86,Random Forest,0.513630363206711,MAR - 0.3 - 871,2.0,KNN,0.513630363206711,1.0,0.0,0.0
87,Random Forest,0.513630363206711,MAR - 0.5 - 871,2.0,KNN,0.513630363206711,1.0,0.0,0.0
88,Random Forest,0.5068181818181818,MCAR - 0.01 - 871,2.0,VAE,0.507188130122704,1.0,0.00036994830452219407,0.07294104150913241
89,Random Forest,0.5140040978471342,MCAR - 0.1 - 871,3.0,KNN,0.5161489297198901,1.0,0.002144831872755937,0.4155451555270917
90,Random Forest,0.5198719098598338,MCAR - 0.3 - 871,3.0,VAE,0.5223057073154286,1.0,0.0024337974555947994,0.46597182866412584
91,Random Forest,0.4684964704844345,MCAR - 0.5 - 871,4.0,VAE,0.5120369864213603,1.0,0.04354051593692582,8.503392741456356
92,Random Forest,0.513630363206711,MNAR - 0.01 - 871,2.0,KNN,0.513630363206711,1.0,0.0,0.0
93,Random Forest,0.513630363206711,MNAR - 0.1 - 871,2.0,KNN,0.513630363206711,1.0,0.0,0.0
94,Random Forest,0.513630363206711,MNAR - 0.3 - 871,2.0,KNN,0.513630363206711,1.0,0.0,0.0
95,Random Forest,0.513630363206711,MNAR - 0.5 - 871,2.0,KNN,0.513630363206711,1.0,0.0,0.0
96,Random Forest,0.9929893847364024,MAR - 0.01 - 923,3.0,Mean/Mode,0.9929893847364024,1.0,0.0,0.0
97,Random Forest,0.9929893847364024,MAR - 0.1 - 923,3.0,Mean/Mode,0.9929893847364024,1.0,0.0,0.0
98,Random Forest,0.9929893847364024,MAR - 0.3 - 923,3.0,Mean/Mode,0.9929893847364024,1.0,0.0,0.0
99,Random Forest,0.9929893847364024,MAR - 0.5 - 923,3.0,Mean/Mode,0.9929893847364024,1.0,0.0,0.0
100,Random Forest,0.9951372302181104,MCAR - 0.01 - 923,1.0,Random Forest,0.9951372302181104,1.0,0.0,0.0
101,Random Forest,0.9838465734924184,MCAR - 0.1 - 923,2.0,KNN,0.9857858442735256,1.0,0.0019392707811071164,0.19672333421832217
102,Random Forest,0.9469714681800728,MCAR - 0.3 - 923,2.0,VAE,0.9506590522703046,1.0,0.0036875840902317325,0.38789764652482656
103,Random Forest,0.9474838963196952,MCAR - 0.5 - 923,1.0,Random Forest,0.9474838963196952,1.0,0.0,0.0
104,Random Forest,0.9929893847364024,MNAR - 0.01 - 923,3.0,Mean/Mode,0.9929893847364024,1.0,0.0,0.0
105,Random Forest,0.9929893847364024,MNAR - 0.1 - 923,3.0,Mean/Mode,0.9929893847364024,1.0,0.0,0.0
106,Random Forest,0.9929893847364024,MNAR - 0.3 - 923,3.0,Mean/Mode,0.9929893847364024,1.0,0.0,0.0
107,Random Forest,0.9929893847364024,MNAR - 0.5 - 923,3.0,Mean/Mode,0.9929893847364024,1.0,0.0,0.0
108,Random Forest,0.7910531156720516,MAR - 0.01 - 1046,3.0,Mean/Mode,0.7910531156720516,1.0,0.0,0.0
109,Random Forest,0.7910531156720516,MAR - 0.1 - 1046,3.0,Mean/Mode,0.7910531156720516,1.0,0.0,0.0
110,Random Forest,0.7910531156720516,MAR - 0.3 - 1046,3.0,Mean/Mode,0.7910531156720516,1.0,0.0,0.0
111,Random Forest,0.7910531156720516,MAR - 0.5 - 1046,3.0,Mean/Mode,0.7910531156720516,1.0,0.0,0.0
112,Random Forest,0.7904583486810877,MCAR - 0.01 - 1046,1.0,Random Forest,0.7904583486810877,1.0,0.0,0.0
113,Random Forest,0.7925161788265102,MCAR - 0.1 - 1046,3.0,VAE,0.795111321719217,1.0,0.002595142892706792,0.32638736511706123
114,Random Forest,0.78952448895005,MCAR - 0.3 - 1046,2.0,VAE,0.7915507334374013,1.0,0.0020262444873513363,0.25598415891197945
115,Random Forest,0.7914053535991942,MCAR - 0.5 - 1046,1.0,Random Forest,0.7914053535991942,1.0,0.0,0.0
116,Random Forest,0.7910531156720516,MNAR - 0.01 - 1046,3.0,Mean/Mode,0.7910531156720516,1.0,0.0,0.0
117,Random Forest,0.7910531156720516,MNAR - 0.1 - 1046,3.0,Mean/Mode,0.7910531156720516,1.0,0.0,0.0
118,Random Forest,0.7910531156720516,MNAR - 0.3 - 1046,3.0,Mean/Mode,0.7910531156720516,1.0,0.0,0.0
119,Random Forest,0.7910531156720516,MNAR - 0.5 - 1046,3.0,Mean/Mode,0.7910531156720516,1.0,0.0,0.0
120,Random Forest,0.7606412742786901,MAR - 0.01 - 1120,3.0,Mean/Mode,0.7606412742786901,1.0,0.0,0.0
121,Random Forest,0.7606412742786901,MAR - 0.1 - 1120,3.0,Mean/Mode,0.7606412742786901,1.0,0.0,0.0
122,Random Forest,0.7606412742786901,MAR - 0.3 - 1120,3.0,Mean/Mode,0.7606412742786901,1.0,0.0,0.0
123,Random Forest,0.7606412742786901,MAR - 0.5 - 1120,3.0,Mean/Mode,0.7606412742786901,1.0,0.0,0.0
124,Random Forest,0.7598164154316077,MCAR - 0.01 - 1120,1.0,Random Forest,0.7598164154316077,1.0,0.0,0.0
125,Random Forest,0.757744738196048,MCAR - 0.1 - 1120,3.0,KNN,0.7584179057263163,1.0,0.0006731675302682483,0.08875944583924003
126,Random Forest,0.7502936159263666,MCAR - 0.3 - 1120,3.0,Mean/Mode,0.7554883630995496,1.0,0.005194747173183023,0.6876012162345535
127,Random Forest,0.7557145287912591,MCAR - 0.5 - 1120,1.0,Random Forest,0.7557145287912591,1.0,0.0,0.0
128,Random Forest,0.7606412742786901,MNAR - 0.01 - 1120,3.0,Mean/Mode,0.7606412742786901,1.0,0.0,0.0
129,Random Forest,0.7606412742786901,MNAR - 0.1 - 1120,3.0,Mean/Mode,0.7606412742786901,1.0,0.0,0.0
130,Random Forest,0.7606412742786901,MNAR - 0.3 - 1120,3.0,Mean/Mode,0.7606412742786901,1.0,0.0,0.0
131,Random Forest,0.7606412742786901,MNAR - 0.5 - 1120,3.0,Mean/Mode,0.7606412742786901,1.0,0.0,0.0
132,Random Forest,0.5515889578625556,MAR - 0.01 - 1471,3.0,Mean/Mode,0.5515889578625556,1.0,0.0,0.0
133,Random Forest,0.5515889578625556,MAR - 0.1 - 1471,3.0,Mean/Mode,0.5515889578625556,1.0,0.0,0.0
134,Random Forest,0.5515889578625556,MAR - 0.3 - 1471,3.0,Mean/Mode,0.5515889578625556,1.0,0.0,0.0
135,Random Forest,0.5515889578625556,MAR - 0.5 - 1471,3.0,Mean/Mode,0.5515889578625556,1.0,0.0,0.0
136,Random Forest,0.5507270660059743,MCAR - 0.01 - 1471,1.0,Random Forest,0.5507270660059743,1.0,0.0,0.0
137,Random Forest,0.5513945054238186,MCAR - 0.1 - 1471,3.0,Mean/Mode,0.552040390220067,1.0,0.000645884796248386,0.11699955432444148
138,Random Forest,0.5460014546997302,MCAR - 0.3 - 1471,3.0,KNN,0.547395946036074,1.0,0.0013944913363438394,0.25475002992659007
139,Random Forest,0.5376759544991333,MCAR - 0.5 - 1471,1.0,Random Forest,0.5376759544991333,1.0,0.0,0.0
140,Random Forest,0.5515889578625556,MNAR - 0.01 - 1471,3.0,Mean/Mode,0.5515889578625556,1.0,0.0,0.0
141,Random Forest,0.5515889578625556,MNAR - 0.1 - 1471,3.0,Mean/Mode,0.5515889578625556,1.0,0.0,0.0
142,Random Forest,0.5515889578625556,MNAR - 0.3 - 1471,3.0,Mean/Mode,0.5515889578625556,1.0,0.0,0.0
143,Random Forest,0.5515889578625556,MNAR - 0.5 - 1471,3.0,Mean/Mode,0.5515889578625556,1.0,0.0,0.0
144,Random Forest,0.6966818891700025,MAR - 0.01 - 1489,2.0,Mean/Mode,0.6966818891700025,1.0,0.0,0.0
145,Random Forest,0.6966818891700025,MAR - 0.1 - 1489,2.0,Mean/Mode,0.6966818891700025,1.0,0.0,0.0
146,Random Forest,0.6966818891700025,MAR - 0.3 - 1489,2.0,Mean/Mode,0.6966818891700025,1.0,0.0,0.0
147,Random Forest,0.6966818891700025,MAR - 0.5 - 1489,2.0,Mean/Mode,0.6966818891700025,1.0,0.0,0.0
148,Random Forest,0.6950703686226533,MCAR - 0.01 - 1489,4.0,VAE,0.697620272010246,1.0,0.0025499033875927557,0.365514519846881
149,Random Forest,0.6902134161839952,MCAR - 0.1 - 1489,3.0,KNN,0.6912107977607453,1.0,0.0009973815767501115,0.14429484897823366
150,Random Forest,0.655114652898266,MCAR - 0.3 - 1489,1.0,Random Forest,0.655114652898266,1.0,0.0,0.0
151,Random Forest,0.6848028998330467,MCAR - 0.5 - 1489,3.0,Mean/Mode,0.6923320762434119,1.0,0.007529176410365213,1.0875094002893038
152,Random Forest,0.6966818891700025,MNAR - 0.01 - 1489,2.0,Mean/Mode,0.6966818891700025,1.0,0.0,0.0
153,Random Forest,0.6966818891700025,MNAR - 0.1 - 1489,2.0,Mean/Mode,0.6966818891700025,1.0,0.0,0.0
154,Random Forest,0.6963989503155196,MNAR - 0.3 - 1489,4.0,Mean/Mode,0.6966818891700025,1.0,0.0002829388544829392,0.040612345301529316
155,Random Forest,0.6966818891700025,MNAR - 0.5 - 1489,2.0,Mean/Mode,0.6966818891700025,1.0,0.0,0.0
156,Random Forest,0.7723727286709292,MAR - 0.01 - 1496,2.0,Mean/Mode,0.7723727286709292,1.0,0.0,0.0
157,Random Forest,0.7723727286709292,MAR - 0.1 - 1496,2.0,Mean/Mode,0.7723727286709292,1.0,0.0,0.0
158,Random Forest,0.7723727286709292,MAR - 0.3 - 1496,2.0,Mean/Mode,0.7723727286709292,1.0,0.0,0.0
159,Random Forest,0.7723727286709292,MAR - 0.5 - 1496,2.0,Mean/Mode,0.7723727286709292,1.0,0.0,0.0
160,Random Forest,0.7716792761268061,MCAR - 0.01 - 1496,3.0,Mean/Mode,0.7716792761268061,1.0,0.0,0.0
161,Random Forest,0.772834788168753,MCAR - 0.1 - 1496,2.0,VAE,0.7730855682269758,1.0,0.00025078005822287697,0.032438848754870124
162,Random Forest,0.7701218854559909,MCAR - 0.3 - 1496,4.0,Mean/Mode,0.771478614469315,1.0,0.001356729013324065,0.17586087130326125
163,Random Forest,0.7717698463181096,MCAR - 0.5 - 1496,1.0,Random Forest,0.7717698463181096,1.0,0.0,0.0
164,Random Forest,0.7723727286709292,MNAR - 0.01 - 1496,2.0,Mean/Mode,0.7723727286709292,1.0,0.0,0.0
165,Random Forest,0.7723727286709292,MNAR - 0.1 - 1496,2.0,Mean/Mode,0.7723727286709292,1.0,0.0,0.0
166,Random Forest,0.7723727286709292,MNAR - 0.3 - 1496,2.0,Mean/Mode,0.7723727286709292,1.0,0.0,0.0
167,Random Forest,0.7723727286709292,MNAR - 0.5 - 1496,2.0,Mean/Mode,0.7723727286709292,1.0,0.0,0.0
168,Random Forest,0.9810611600222292,MAR - 0.01 - 1507,3.0,Mean/Mode,0.9810611600222292,1.0,0.0,0.0
169,Random Forest,0.9810611600222292,MAR - 0.1 - 1507,3.0,Mean/Mode,0.9810611600222292,1.0,0.0,0.0
170,Random Forest,0.9810611600222292,MAR - 0.3 - 1507,3.0,Mean/Mode,0.9810611600222292,1.0,0.0,0.0
171,Random Forest,0.9810611600222292,MAR - 0.5 - 1507,3.0,Mean/Mode,0.9810611600222292,1.0,0.0,0.0
172,Random Forest,0.9803856244724524,MCAR - 0.01 - 1507,4.0,VAE,0.9806108029890448,1.0,0.00022517851659242805,0.02296308748649832
173,Random Forest,0.9799329727258348,MCAR - 0.1 - 1507,4.0,VAE,0.9808342562979696,1.0,0.0009012835721348145,0.09188948758137702
174,Random Forest,0.9806102292593336,MCAR - 0.3 - 1507,3.0,Mean/Mode,0.9810594460177634,1.0,0.00044921675842979347,0.045788943804905766
175,Random Forest,0.9799361432049142,MCAR - 0.5 - 1507,1.0,Random Forest,0.9799361432049142,1.0,0.0,0.0
176,Random Forest,0.9810611600222292,MNAR - 0.01 - 1507,3.0,Mean/Mode,0.9810611600222292,1.0,0.0,0.0
177,Random Forest,0.9810611600222292,MNAR - 0.1 - 1507,3.0,Mean/Mode,0.9810611600222292,1.0,0.0,0.0
178,Random Forest,0.9810611600222292,MNAR - 0.3 - 1507,3.0,Mean/Mode,0.9810611600222292,1.0,0.0,0.0
179,Random Forest,0.9810611600222292,MNAR - 0.5 - 1507,3.0,Mean/Mode,0.9810611600222292,1.0,0.0,0.0
180,Random Forest,0.6317449796753936,MAR - 0.01 - 1558,3.0,Mean/Mode,0.6317449796753936,1.0,0.0,0.0
181,Random Forest,0.6317449796753936,MAR - 0.1 - 1558,3.0,Mean/Mode,0.6317449796753936,1.0,0.0,0.0
182,Random Forest,0.6317449796753936,MAR - 0.3 - 1558,3.0,Mean/Mode,0.6317449796753936,1.0,0.0,0.0
183,Random Forest,0.6317449796753936,MAR - 0.5 - 1558,3.0,Mean/Mode,0.6317449796753936,1.0,0.0,0.0
184,Random Forest,0.6192776920821489,MCAR - 0.01 - 1558,3.0,Mean/Mode,0.6192776920821489,1.0,0.0,0.0
185,Random Forest,0.701189631033687,MCAR - 0.1 - 1558,1.0,Random Forest,0.701189631033687,1.0,0.0,0.0
186,Random Forest,0.6896985098127879,MCAR - 0.3 - 1558,2.0,Mean/Mode,0.6908230433153714,1.0,0.001124533502583458,0.16278170125690075
187,Random Forest,0.657782595090244,MCAR - 0.5 - 1558,2.0,VAE,0.6918831844931287,1.0,0.03410058940288474,4.9286628389251455
188,Random Forest,0.6317449796753936,MNAR - 0.01 - 1558,3.0,Mean/Mode,0.6317449796753936,1.0,0.0,0.0
189,Random Forest,0.6317449796753936,MNAR - 0.1 - 1558,3.0,Mean/Mode,0.6317449796753936,1.0,0.0,0.0
190,Random Forest,0.6317449796753936,MNAR - 0.3 - 1558,3.0,Mean/Mode,0.6317449796753936,1.0,0.0,0.0
191,Random Forest,0.6317449796753936,MNAR - 0.5 - 1558,3.0,Mean/Mode,0.6317449796753936,1.0,0.0,0.0
192,Random Forest,0.6563899868247693,MAR - 0.01 - 40701,3.0,Mean/Mode,0.6563899868247693,1.0,0.0,0.0
193,Random Forest,0.6563899868247693,MAR - 0.1 - 40701,3.0,Mean/Mode,0.6563899868247693,1.0,0.0,0.0
194,Random Forest,0.6563899868247693,MAR - 0.3 - 40701,3.0,Mean/Mode,0.6563899868247693,1.0,0.0,0.0
195,Random Forest,0.6563899868247693,MAR - 0.5 - 40701,3.0,Mean/Mode,0.6563899868247693,1.0,0.0,0.0
196,Random Forest,0.657450245705441,MCAR - 0.01 - 40701,1.0,Random Forest,0.657450245705441,1.0,0.0,0.0
197,Random Forest,0.6301358438032384,MCAR - 0.1 - 40701,1.0,Random Forest,0.6301358438032384,1.0,0.0,0.0
198,Random Forest,0.6272235139988438,MCAR - 0.3 - 40701,1.0,Random Forest,0.6272235139988438,1.0,0.0,0.0
199,Random Forest,0.6345640461885473,MCAR - 0.5 - 40701,4.0,VAE,0.6592184328291231,1.0,0.02465438664057573,3.7399419392398014
200,Random Forest,0.6563899868247693,MNAR - 0.01 - 40701,3.0,Mean/Mode,0.6563899868247693,1.0,0.0,0.0
201,Random Forest,0.6563899868247693,MNAR - 0.1 - 40701,3.0,Mean/Mode,0.6563899868247693,1.0,0.0,0.0
202,Random Forest,0.6563899868247693,MNAR - 0.3 - 40701,3.0,Mean/Mode,0.6563899868247693,1.0,0.0,0.0
203,Random Forest,0.6563899868247693,MNAR - 0.5 - 40701,3.0,Mean/Mode,0.6563899868247693,1.0,0.0,0.0
204,Random Forest,0.667808602048793,MAR - 0.01 - 40983,3.0,Mean/Mode,0.667808602048793,1.0,0.0,0.0
205,Random Forest,0.667808602048793,MAR - 0.1 - 40983,3.0,Mean/Mode,0.667808602048793,1.0,0.0,0.0
206,Random Forest,0.667808602048793,MAR - 0.3 - 40983,3.0,Mean/Mode,0.667808602048793,1.0,0.0,0.0
207,Random Forest,0.667808602048793,MAR - 0.5 - 40983,3.0,Mean/Mode,0.667808602048793,1.0,0.0,0.0
208,Random Forest,0.7398853400295362,MCAR - 0.01 - 40983,2.0,Mean/Mode,0.7398853400295362,1.0,0.0,0.0
209,Random Forest,0.6634080432363695,MCAR - 0.1 - 40983,1.0,Random Forest,0.6634080432363695,1.0,0.0,0.0
210,Random Forest,0.540885262990279,MCAR - 0.3 - 40983,2.0,KNN,0.5656502444136245,1.0,0.0247649814233456,4.378143856194734
211,Random Forest,0.5195684250821228,MCAR - 0.5 - 40983,2.0,KNN,0.5366694022614787,1.0,0.01710097717935599,3.1865012440235914
212,Random Forest,0.667808602048793,MNAR - 0.01 - 40983,3.0,Mean/Mode,0.667808602048793,1.0,0.0,0.0
213,Random Forest,0.667808602048793,MNAR - 0.1 - 40983,3.0,Mean/Mode,0.667808602048793,1.0,0.0,0.0
214,Random Forest,0.667808602048793,MNAR - 0.3 - 40983,3.0,Mean/Mode,0.667808602048793,1.0,0.0,0.0
215,Random Forest,0.667808602048793,MNAR - 0.5 - 40983,3.0,Mean/Mode,0.667808602048793,1.0,0.0,0.0
216,Random Forest,0.9135518497220624,MAR - 0.01 - 41146,3.0,Mean/Mode,0.9135518497220624,1.0,0.0,0.0
217,Random Forest,0.9135518497220624,MAR - 0.1 - 41146,3.0,Mean/Mode,0.9135518497220624,1.0,0.0,0.0
218,Random Forest,0.9135518497220624,MAR - 0.3 - 41146,3.0,Mean/Mode,0.9135518497220624,1.0,0.0,0.0
219,Random Forest,0.9135518497220624,MAR - 0.5 - 41146,3.0,Mean/Mode,0.9135518497220624,1.0,0.0,0.0
220,Random Forest,0.9166845968108248,MCAR - 0.01 - 41146,3.0,Mean/Mode,0.9166845968108248,1.0,0.0,0.0
221,Random Forest,0.9127943345203589,MCAR - 0.1 - 41146,4.0,VAE,0.9150623686428926,1.0,0.0022680341225337353,0.24785568724647733
222,Random Forest,0.9083243988765208,MCAR - 0.3 - 41146,3.0,Mean/Mode,0.9102746978755916,1.0,0.001950298999070732,0.21425389540348203
223,Random Forest,0.9029184985109692,MCAR - 0.5 - 41146,4.0,Mean/Mode,0.9051743132713016,1.0,0.0022558147603324308,0.2492132981745706
224,Random Forest,0.9135518497220624,MNAR - 0.01 - 41146,3.0,Mean/Mode,0.9135518497220624,1.0,0.0,0.0
225,Random Forest,0.9135518497220624,MNAR - 0.1 - 41146,3.0,Mean/Mode,0.9135518497220624,1.0,0.0,0.0
226,Random Forest,0.9135518497220624,MNAR - 0.3 - 41146,3.0,Mean/Mode,0.9135518497220624,1.0,0.0,0.0
227,Random Forest,0.9135518497220624,MNAR - 0.5 - 41146,3.0,Mean/Mode,0.9135518497220624,1.0,0.0,0.0
228,Random Forest,0.6651328945580213,MAR - 0.01 - 42192,2.0,KNN,0.6651328945580213,1.0,0.0,0.0
229,Random Forest,0.6651328945580213,MAR - 0.1 - 42192,2.0,KNN,0.6651328945580213,1.0,0.0,0.0
230,Random Forest,0.6651328945580213,MAR - 0.3 - 42192,2.0,KNN,0.6651328945580213,1.0,0.0,0.0
231,Random Forest,0.6651328945580213,MAR - 0.5 - 42192,2.0,KNN,0.6651328945580213,1.0,0.0,0.0
232,Random Forest,0.663180316683724,MCAR - 0.01 - 42192,3.0,Mean/Mode,0.663180316683724,1.0,0.0,0.0
233,Random Forest,0.6610921982777593,MCAR - 0.1 - 42192,2.0,KNN,0.6612419975983131,1.0,0.00014979932055381173,0.022654235680415875
234,Random Forest,0.6584301335488555,MCAR - 0.3 - 42192,3.0,VAE,0.6597109345469524,1.0,0.0012808009980969093,0.19414578886379716
235,Random Forest,0.6548366732550569,MCAR - 0.5 - 42192,4.0,VAE,0.6595915857423857,1.0,0.004754912487328844,0.720887377903264
236,Random Forest,0.6651328945580213,MNAR - 0.01 - 42192,2.0,KNN,0.6651328945580213,1.0,0.0,0.0
237,Random Forest,0.6651328945580213,MNAR - 0.1 - 42192,2.0,KNN,0.6651328945580213,1.0,0.0,0.0
238,Random Forest,0.6651328945580213,MNAR - 0.3 - 42192,2.0,KNN,0.6651328945580213,1.0,0.0,0.0
239,Random Forest,0.6651328945580213,MNAR - 0.5 - 42192,2.0,KNN,0.6651328945580213,1.0,0.0,0.0
240,Random Forest,0.627487208179315,MAR - 0.01 - 42493,3.0,Mean/Mode,0.6275647325178465,1.0,7.752433853147611e-05,0.01235320191121025
241,Random Forest,0.627487208179315,MAR - 0.1 - 42493,3.0,Mean/Mode,0.6275647325178465,1.0,7.752433853147611e-05,0.01235320191121025
242,Random Forest,0.627487208179315,MAR - 0.3 - 42493,3.0,Mean/Mode,0.6275647325178465,1.0,7.752433853147611e-05,0.01235320191121025
243,Random Forest,0.627487208179315,MAR - 0.5 - 42493,3.0,Mean/Mode,0.6275647325178465,1.0,7.752433853147611e-05,0.01235320191121025
244,Random Forest,0.6254813464915886,MCAR - 0.01 - 42493,2.0,KNN,0.6257677054743584,1.0,0.00028635898276985206,0.045761227411500856
245,Random Forest,0.6199458542046015,MCAR - 0.1 - 42493,2.0,KNN,0.6210811007730642,1.0,0.0011352465684627555,0.18278556005805133
246,Random Forest,0.6172179257937517,MCAR - 0.3 - 42493,3.0,Mean/Mode,0.617755669188589,1.0,0.0005377433948373644,0.08704790933666068
247,Random Forest,0.6129423490535308,MCAR - 0.5 - 42493,2.0,KNN,0.613851912570607,1.0,0.0009095635170761618,0.14817311772593705
248,Random Forest,0.627487208179315,MNAR - 0.01 - 42493,3.0,Mean/Mode,0.6275647325178465,1.0,7.752433853147611e-05,0.01235320191121025
249,Random Forest,0.627487208179315,MNAR - 0.1 - 42493,3.0,Mean/Mode,0.6275647325178465,1.0,7.752433853147611e-05,0.01235320191121025
250,Random Forest,0.627487208179315,MNAR - 0.3 - 42493,3.0,Mean/Mode,0.6275647325178465,1.0,7.752433853147611e-05,0.01235320191121025
251,Random Forest,0.627487208179315,MNAR - 0.5 - 42493,3.0,Mean/Mode,0.6275647325178465,1.0,7.752433853147611e-05,0.01235320191121025
